INSERT INTO user_shopping(userName, password) VALUES ('felipe', '123');
INSERT INTO user_shopping(userName, password) VALUES ('henrique', '456');

INSERT INTO shopping(userName, shoppingName) VALUES ('felipe', 'market');
INSERT INTO shopping(userName, shoppingName) VALUES ('felipe', 'grocery');
INSERT INTO shopping(userName, shoppingName) VALUES ('henrique', 'market');
INSERT INTO shopping(userName, shoppingName) VALUES ('henrique', 'grocery');

INSERT INTO product(userName, shoppingName, productName, quantity, checked) VALUES ('henrique', 'market', 'avocato', 1, true);
INSERT INTO product(userName, shoppingName, productName, quantity, checked) VALUES ('henrique', 'market', 'cheese', 2, true);
INSERT INTO product(userName, shoppingName, productName, quantity, checked) VALUES ('henrique', 'market', 'beer', 12, false);

INSERT INTO product(userName, shoppingName, productName, quantity, checked) VALUES ('felipe', 'grocery', 'cherry', 10, true);
INSERT INTO product(userName, shoppingName, productName, quantity, checked) VALUES ('felipe', 'grocery', 'apple', 5, true);
INSERT INTO product(userName, shoppingName, productName, quantity, checked) VALUES ('felipe', 'grocery', 'banana', 8, false);
INSERT INTO product(userName, shoppingName, productName, quantity, checked) VALUES ('felipe', 'grocery', 'milk', 3, false);
INSERT INTO product(userName, shoppingName, productName, quantity, checked) VALUES ('felipe', 'grocery', 'eggs', 2, false);
INSERT INTO product(userName, shoppingName, productName, quantity, checked) VALUES ('felipe', 'grocery', 'yogurt', 1, true);
INSERT INTO product(userName, shoppingName, productName, quantity, checked) VALUES ('felipe', 'grocery', 'butter', 4, true);
INSERT INTO product(userName, shoppingName, productName, quantity, checked) VALUES ('felipe', 'grocery', 'tofu', 19, false);
INSERT INTO product(userName, shoppingName, productName, quantity, checked) VALUES ('felipe', 'grocery', 'potato', 7, false);
INSERT INTO product(userName, shoppingName, productName, quantity, checked) VALUES ('felipe', 'grocery', 'onion', 5, false);
INSERT INTO product(userName, shoppingName, productName, quantity, checked) VALUES ('felipe', 'grocery', 'garlic', 7, true);
INSERT INTO product(userName, shoppingName, productName, quantity, checked) VALUES ('felipe', 'grocery', 'soup', 8, true);
INSERT INTO product(userName, shoppingName, productName, quantity, checked) VALUES ('felipe', 'grocery', 'sugar', 1, false);
INSERT INTO product(userName, shoppingName, productName, quantity, checked) VALUES ('felipe', 'grocery', 'salt', 1, false);
INSERT INTO product(userName, shoppingName, productName, quantity, checked) VALUES ('felipe', 'grocery', 'pepper', 44, false);
INSERT INTO product(userName, shoppingName, productName, quantity, checked) VALUES ('felipe', 'grocery', 'vinegar', 3, true);
INSERT INTO product(userName, shoppingName, productName, quantity, checked) VALUES ('felipe', 'grocery', 'honey', 4, true);
INSERT INTO product(userName, shoppingName, productName, quantity, checked) VALUES ('felipe', 'grocery', 'oregano', 8, false);
INSERT INTO product(userName, shoppingName, productName, quantity, checked) VALUES ('felipe', 'grocery', 'ginger', 1, false);
INSERT INTO product(userName, shoppingName, productName, quantity, checked) VALUES ('felipe', 'grocery', 'rice', 3, false);
